{
  "type": "FeatureCollection",
  "features": [
    {
      "type": "Feature",
      "properties": {},
      "geometry": {
        "type": "LineString",
        "coordinates": [
          [
            148.40332031249997,
            -35.34425514918407
          ],
          [
            147.85400390625,
            -36.40359962073253
          ],
          [
            149.2822265625,
            -36.712467243386264
          ],
          [
            149.96337890625,
            -35.906849306771186
          ],
          [
            149.6337890625,
            -35.09294531373263
          ],
          [
            148.40332031249997,
            -35.290468565908775
          ]
        ]
      }
    },
    {
      "type": "Feature",
      "properties": {},
      "geometry": {
        "type": "LineString",
        "coordinates": [
          [
            148.40332031249997,
            -35.33529320309327
          ],
          [
            148.42529296875,
            -35.281500657891186
          ]
        ]
      }
    },
    {
      "type": "Feature",
      "properties": {
        "stroke": "#555555",
        "stroke-width": 2,
        "stroke-opacity": 1
      },
      "geometry": {
        "type": "LineString",
        "coordinates": [
          [
            27.13623046875,
            -24.407137917727653
          ],
          [
            24.06005859375,
            -26.902476886279807
          ],
          [
            26.52099609375,
            -27.877928333679495
          ],
          [
            28.80615234375,
            -27.059125784374054
          ],
          [
            30.05859375,
            -25.324166525738384
          ],
          [
            27.1142578125,
            -24.3470966338085
          ]
        ]
      }
    }
  ]
}